date,queue,language,model_shortage_hours,model_excess_hours,partner_shortage_hours,estimated_overtime_cost,estimated_overstaffing_cost,estimated_service_risk_cost,high_risk_intervals,business_priority_score
2026-02-02,Customer Service,DE,52.682,0.095,69.897,1264.38,1.71,447.12,44,230.899
2026-05-11,Customer Service,DE,51.561,0.0,110.477,1237.45,0.0,441.22,48,227.748
2026-03-03,Customer Service,DE,49.075,0.226,54.268,1177.81,4.07,932.92,45,222.002
2026-05-04,Customer Service,DE,46.196,0.0,88.835,1108.72,0.0,452.18,48,206.409
2026-05-12,Customer Service,DE,42.482,0.0,91.104,1019.56,0.0,291.63,48,189.837
2026-03-09,Customer Service,DE,41.762,0.0,90.665,1002.28,0.0,504.97,48,189.232
2026-03-02,Customer Service,DE,40.162,0.0,0.0,963.89,0.0,0.0,48,177.448
2026-02-09,Customer Service,DE,37.603,0.0,65.594,902.47,0.0,455.23,48,172.068
2026-06-02,Customer Service,DE,38.699,0.0,0.0,928.78,0.0,0.0,48,171.596
2026-03-10,Customer Service,DE,37.432,0.0,67.614,898.36,0.0,489.42,47,171.396
2026-05-05,Customer Service,DE,37.345,0.0,77.295,896.29,0.0,460.4,48,171.092
2026-06-07,Customer Service,DE,36.976,0.0,0.0,887.42,0.0,0.0,48,164.704
2026-06-14,Customer Service,DE,36.453,0.0,0.0,874.87,0.0,0.0,48,162.611
2026-02-12,Customer Service,DE,35.648,0.0,0.0,855.56,0.0,0.0,48,159.393
2026-01-11,Customer Service,DE,35.43,0.0,0.0,850.31,0.0,0.0,48,158.519
2026-01-04,Customer Service,DE,35.339,0.0,0.0,848.14,0.0,0.0,48,158.156
2026-04-12,Customer Service,DE,35.15,0.0,0.0,843.59,0.0,0.0,48,157.399
2026-05-10,Customer Service,DE,35.12,0.0,0.0,842.87,0.0,0.0,48,157.279
2026-04-05,Customer Service,DE,35.02,0.0,0.0,840.49,0.0,0.0,48,156.882
2026-02-08,Customer Service,DE,34.994,0.0,0.0,839.86,0.0,0.0,48,156.776
2026-03-08,Customer Service,DE,34.992,0.0,0.0,839.8,0.0,0.0,48,156.766
2026-02-10,Customer Service,DE,33.793,0.127,65.824,811.03,2.29,243.62,46,153.87
2026-02-01,Customer Service,DE,33.705,0.0,0.0,808.92,0.0,0.0,48,151.62
2026-03-01,Customer Service,DE,33.699,0.0,0.0,808.78,0.0,0.0,48,151.597
2026-03-05,Customer Service,DE,32.462,0.0,70.545,779.08,0.0,292.51,48,149.766
2026-05-01,Customer Service,DE,32.568,0.126,66.871,781.64,2.27,414.58,43,149.746
2026-05-03,Customer Service,DE,33.123,0.0,0.0,794.96,0.0,0.0,48,149.293
2026-05-13,Customer Service,DE,31.158,0.123,62.425,747.8,2.21,573.89,46,146.855
2026-06-01,Customer Service,DE,26.168,0.0,13.488,628.04,0.0,2318.07,48,146.199
2026-02-03,Customer Service,DE,31.771,0.548,49.866,762.5,9.87,288.81,43,145.215
2026-05-14,Customer Service,DE,31.493,0.16,70.714,755.83,2.88,292.3,46,145.189
2026-06-03,Customer Service,DE,27.061,0.0,0.0,649.46,0.0,1875.12,48,145.044
2026-06-08,Customer Service,DE,26.917,0.0,16.525,646.0,0.0,1599.82,47,141.182
2026-03-04,Customer Service,DE,29.972,0.0,76.804,719.32,0.0,434.74,44,139.924
2026-03-12,Customer Service,DE,30.069,0.175,75.118,721.66,3.15,352.94,45,139.792
2026-03-11,Customer Service,DE,29.446,0.0,73.006,706.72,0.0,466.04,48,139.557
2026-05-07,Customer Service,DE,28.014,0.0,63.028,672.34,0.0,497.87,47,133.817
2026-05-06,Customer Service,DE,28.304,0.0,83.663,679.28,0.0,325.27,47,133.134
2026-05-08,Customer Service,DE,27.893,0.0,61.717,669.43,0.0,399.27,48,132.63
2026-06-06,Customer Service,DE,28.377,0.0,0.0,681.04,0.0,0.0,48,130.307
2026-02-13,Customer Service,DE,27.052,0.173,24.318,649.24,3.12,548.34,46,130.156
2026-03-13,Customer Service,DE,27.42,0.077,53.404,658.08,1.39,276.52,47,129.08
2026-02-11,Customer Service,DE,26.658,0.0,53.932,639.8,0.0,230.86,45,124.846
2026-04-04,Customer Service,DE,27.01,0.0,0.0,648.25,0.0,0.0,48,124.842
2026-03-07,Customer Service,DE,26.981,0.0,0.0,647.54,0.0,0.0,48,124.723
2026-02-07,Customer Service,DE,26.979,0.0,0.0,647.49,0.0,0.0,48,124.715
2026-02-04,Customer Service,DE,25.918,0.075,46.128,622.04,1.35,441.69,45,124.134
2026-05-02,Customer Service,DE,26.514,0.0,0.0,636.33,0.0,0.0,48,122.855
2026-03-06,Customer Service,DE,25.898,0.0,60.004,621.56,0.0,244.59,45,121.953
2026-01-03,Customer Service,DE,26.105,0.0,0.0,626.52,0.0,0.0,48,121.22
2026-02-05,Customer Service,DE,25.43,0.658,50.449,610.33,11.84,359.34,42,120.254
2026-01-13,Customer Service,DE,22.129,0.0,6.795,531.09,0.0,1162.52,42,115.615
2026-01-05,Customer Service,DE,21.199,0.011,6.232,508.78,0.19,1589.94,38,115.056
2026-01-06,Customer Service,DE,21.151,0.0,5.083,507.62,0.0,1221.72,44,113.035
2026-01-12,Customer Service,DE,21.008,0.028,6.165,504.2,0.51,1229.14,41,111.494
2026-06-10,Customer Service,DE,18.8,0.0,9.58,451.21,0.0,1513.03,43,106.391
2026-02-06,Customer Service,DE,21.872,0.898,42.245,524.93,16.16,210.3,38,103.032
2026-05-09,Customer Service,DE,20.93,0.288,37.102,502.32,5.18,129.65,46,101.203
2026-06-11,Customer Service,DE,18.188,0.0,6.405,436.52,0.0,1251.77,43,101.155
2026-06-02,Sales,DE,20.654,0.0,0.0,495.69,0.0,0.0,48,99.415
2026-04-07,Customer Service,DE,16.806,0.453,5.301,403.33,8.16,1661.27,38,98.242
2026-03-14,Customer Service,DE,20.021,0.208,31.935,480.51,3.74,83.45,44,96.375
2026-03-02,Sales,DE,19.609,0.0,0.0,470.62,0.0,0.0,48,95.236
2026-06-09,Customer Service,DE,15.5,0.986,7.385,371.99,17.75,1293.8,34,87.7
2026-06-07,Sales,DE,16.99,0.0,0.0,407.75,0.0,0.0,48,84.758
2026-06-14,Sales,DE,16.554,0.0,0.0,397.29,0.0,0.0,48,83.015
2026-02-12,Sales,DE,16.412,0.0,0.0,393.88,0.0,0.0,48,82.447
2026-01-14,Customer Service,DE,14.016,1.52,4.099,336.38,27.37,1279.58,33,81.263
2026-01-11,Sales,DE,15.988,0.0,0.0,383.71,0.0,0.0,48,80.752
2026-01-04,Sales,DE,15.903,0.0,0.0,381.67,0.0,0.0,48,80.412
2026-04-12,Sales,DE,15.828,0.0,0.0,379.87,0.0,0.0,48,80.112
2026-02-02,Sales,DE,15.625,0.428,31.228,374.99,7.71,196.54,44,79.995
2026-05-10,Sales,DE,15.794,0.0,0.0,379.06,0.0,0.0,48,79.977
2026-02-01,Sales,DE,15.719,0.0,0.0,377.26,0.0,0.0,48,79.676
2026-03-01,Sales,DE,15.717,0.0,0.0,377.21,0.0,0.0,48,79.669
2026-04-05,Sales,DE,15.704,0.0,0.0,376.9,0.0,0.0,48,79.617
2026-05-03,Sales,DE,15.7,0.0,0.0,376.81,0.0,0.0,48,79.601
2026-03-08,Sales,DE,15.698,0.0,0.0,376.76,0.0,0.0,48,79.593
2026-02-08,Sales,DE,15.697,0.0,0.0,376.72,0.0,0.0,48,79.587
2026-04-01,Customer Service,DE,13.405,1.627,4.277,321.71,29.29,1305.08,33,79.09
2026-05-06,Sales,DE,15.471,0.0,38.804,371.32,0.0,191.58,42,78.63
2026-04-13,Customer Service,DE,12.497,1.072,5.414,299.93,19.3,1595.49,33,78.558
2026-01-01,Customer Service,DE,12.568,1.749,2.374,301.64,31.49,1594.6,32,78.482
2026-04-06,Customer Service,DE,12.718,1.027,4.335,305.24,18.48,1527.52,31,78.017
2026-04-14,Customer Service,DE,13.215,1.554,3.952,317.15,27.96,1010.85,30,74.14
2026-01-07,Customer Service,DE,12.451,1.394,4.375,298.82,25.1,1194.2,32,73.742
2026-06-12,Customer Service,DE,13.401,1.045,3.197,321.63,18.81,719.66,31,72.131
2026-02-03,Sales,DE,13.651,0.168,26.574,327.62,3.03,164.42,43,71.408
2026-01-09,Customer Service,DE,12.355,1.417,3.747,296.53,25.51,989.73,32,71.178
2026-06-06,Sales,DE,13.563,0.0,0.0,325.52,0.0,0.0,48,71.053
2026-05-11,Sales,DE,14.181,1.03,37.988,340.34,18.55,278.25,32,70.892
2026-06-04,Customer Service,DE,11.724,1.619,3.858,281.38,29.15,1326.74,28,70.849
2026-01-08,Customer Service,DE,12.526,1.962,3.887,300.62,35.31,992.62,28,70.491
2026-04-02,Customer Service,DE,12.731,1.874,4.706,305.54,33.73,722.12,33,70.177
2026-02-10,Sales,DE,13.129,0.57,25.135,315.1,10.26,248.38,40,69.165
2026-01-03,Sales,DE,12.75,0.0,0.0,305.99,0.0,0.0,48,67.799
2026-04-04,Sales,DE,12.689,0.0,0.0,304.54,0.0,0.0,48,67.556
2026-03-07,Sales,DE,12.683,0.0,0.0,304.4,0.0,0.0,48,67.533
2026-02-07,Sales,DE,12.68,0.0,0.0,304.32,0.0,0.0,48,67.52
2026-05-02,Sales,DE,12.679,0.0,0.0,304.3,0.0,0.0,48,67.517
2026-06-05,Customer Service,DE,12.056,2.128,1.908,289.36,38.3,763.82,30,66.873
2026-02-14,Customer Service,DE,13.091,1.372,23.545,314.18,24.7,109.55,35,65.783
2026-04-08,Customer Service,DE,11.336,2.157,2.279,272.06,38.82,1093.3,25,65.756
2026-04-09,Customer Service,DE,11.606,2.244,2.551,278.53,40.39,846.52,27,64.902
2026-04-10,Customer Service,DE,11.357,2.08,3.396,272.56,37.44,559.81,30,61.898
2026-03-02,Customer Service,FR,10.92,0.0,0.0,262.07,0.0,0.0,48,60.478
2026-03-02,Customer Service,EN,10.871,0.0,0.0,260.9,0.0,0.0,48,60.284
2026-03-02,Customer Service,IT,10.87,0.0,0.0,260.88,0.0,0.0,48,60.28
2026-05-04,Sales,DE,12.13,1.541,45.529,291.11,27.74,199.73,26,59.749
2026-06-02,Customer Service,EN,9.955,0.0,0.0,238.92,0.0,0.0,48,56.62
2026-03-11,Sales,DE,11.036,1.788,23.694,264.86,32.18,298.79,26,56.431
2026-01-02,Customer Service,DE,8.577,2.135,3.38,205.85,38.43,1214.52,26,56.364
2026-03-09,Sales,DE,10.69,1.477,31.463,256.56,26.59,365.51,27,56.109
2026-04-03,Customer Service,DE,9.92,2.966,2.624,238.07,53.38,697.65,24,55.52
2026-06-02,Customer Service,FR,9.607,0.0,0.0,230.56,0.0,0.0,48,55.227
2026-02-09,Sales,DE,10.684,3.041,27.709,256.42,54.74,312.89,25,54.825
2026-06-02,Customer Service,IT,9.474,0.0,0.0,227.37,0.0,0.0,48,54.695
2026-05-05,Sales,DE,10.067,1.902,32.398,241.61,34.25,291.65,26,52.479
2026-05-12,Sales,DE,10.3,1.614,30.65,247.19,29.04,169.1,27,52.452
2026-03-03,Sales,DE,10.038,1.451,38.158,240.92,26.12,147.38,26,50.826
2026-02-12,Customer Service,EN,8.253,0.0,0.0,198.07,0.0,0.0,48,49.811
2026-03-10,Sales,DE,9.387,1.951,29.317,225.28,35.12,235.16,26,49.155
2026-06-14,Customer Service,EN,7.749,0.0,0.0,185.98,0.0,0.0,48,47.796
2026-06-07,Customer Service,EN,7.748,0.0,0.0,185.95,0.0,0.0,48,47.791
2026-02-12,Customer Service,IT,7.64,0.0,0.0,183.37,0.0,0.0,48,47.361
2026-02-12,Customer Service,FR,7.625,0.0,0.0,183.01,0.0,0.0,48,47.301
2026-05-13,Sales,DE,8.773,1.206,33.967,210.55,21.71,169.42,28,46.698
2026-01-11,Customer Service,EN,7.416,0.0,0.0,177.98,0.0,0.0,48,46.464
2026-01-04,Customer Service,EN,7.414,0.0,0.0,177.95,0.0,0.0,48,46.458
2026-05-10,Customer Service,EN,7.363,0.0,0.0,176.71,0.0,0.0,48,46.251
2026-05-03,Customer Service,EN,7.361,0.0,0.0,176.66,0.0,0.0,48,46.243
2026-03-08,Customer Service,EN,7.358,0.0,0.0,176.6,0.0,0.0,48,46.233
2026-04-12,Customer Service,EN,7.355,0.0,0.0,176.52,0.0,0.0,48,46.22
2026-04-05,Customer Service,EN,7.354,0.0,0.0,176.5,0.0,0.0,48,46.217
2026-03-01,Customer Service,EN,7.354,0.0,0.0,176.48,0.0,0.0,48,46.214
2026-06-03,Sales,DE,7.919,1.828,6.839,190.06,32.91,574.68,24,46.207
2026-02-08,Customer Service,EN,7.348,0.0,0.0,176.34,0.0,0.0,48,46.19
2026-02-01,Customer Service,EN,7.343,0.0,0.0,176.23,0.0,0.0,48,46.172
2026-03-04,Sales,DE,8.793,2.506,30.093,211.04,45.11,203.99,25,46.099
2026-06-14,Customer Service,FR,7.202,0.0,0.0,172.85,0.0,0.0,48,45.608
2026-06-07,Customer Service,FR,7.201,0.0,0.0,172.82,0.0,0.0,48,45.603
2026-06-14,Customer Service,IT,7.194,0.0,0.0,172.66,0.0,0.0,48,45.577
2026-06-07,Customer Service,IT,7.193,0.0,0.0,172.63,0.0,0.0,48,45.572
2026-06-13,Customer Service,DE,7.427,5.325,1.845,178.25,95.85,658.76,23,44.785
2026-01-04,Customer Service,IT,6.918,0.0,0.0,166.03,0.0,0.0,48,44.472
2026-01-11,Customer Service,IT,6.916,0.0,0.0,165.97,0.0,0.0,48,44.462
2026-03-12,Sales,DE,8.735,3.084,28.253,209.64,55.51,155.74,22,44.301
2026-05-10,Customer Service,IT,6.871,0.0,0.0,164.91,0.0,0.0,48,44.285
2026-05-03,Customer Service,IT,6.871,0.0,0.0,164.9,0.0,0.0,48,44.283
2026-03-08,Customer Service,IT,6.869,0.0,0.0,164.86,0.0,0.0,48,44.277
2026-01-04,Customer Service,FR,6.868,0.0,0.0,164.82,0.0,0.0,48,44.27
2026-04-12,Customer Service,IT,6.867,0.0,0.0,164.81,0.0,0.0,48,44.268
2026-03-01,Customer Service,IT,6.866,0.0,0.0,164.79,0.0,0.0,48,44.265
2026-04-05,Customer Service,IT,6.866,0.0,0.0,164.78,0.0,0.0,48,44.264
2026-01-11,Customer Service,FR,6.865,0.0,0.0,164.76,0.0,0.0,48,44.26
2026-02-01,Customer Service,IT,6.856,0.0,0.0,164.56,0.0,0.0,48,44.226
2026-02-08,Customer Service,IT,6.856,0.0,0.0,164.56,0.0,0.0,48,44.226
2026-05-10,Customer Service,FR,6.82,0.0,0.0,163.69,0.0,0.0,48,44.082
2026-05-03,Customer Service,FR,6.82,0.0,0.0,163.67,0.0,0.0,48,44.079
2026-03-08,Customer Service,FR,6.818,0.0,0.0,163.63,0.0,0.0,48,44.071
2026-04-12,Customer Service,FR,6.815,0.0,0.0,163.56,0.0,0.0,48,44.06
2026-03-01,Customer Service,FR,6.814,0.0,0.0,163.54,0.0,0.0,48,44.057
2026-04-05,Customer Service,FR,6.814,0.0,0.0,163.54,0.0,0.0,48,44.056
2026-02-08,Customer Service,FR,6.805,0.0,0.0,163.33,0.0,0.0,48,44.022
2026-02-01,Customer Service,FR,6.805,0.0,0.0,163.33,0.0,0.0,48,44.021
2026-06-08,Sales,DE,6.857,3.73,7.904,164.56,67.14,711.71,23,43.069
2026-02-04,Sales,DE,7.878,4.535,14.048,189.08,81.63,295.44,23,42.714
2026-05-14,Sales,DE,7.782,1.781,32.072,186.76,32.05,219.14,24,41.865
2026-05-07,Sales,DE,8.108,3.128,26.773,194.59,56.3,122.09,23,41.783
2026-06-01,Sales,DE,6.718,5.909,6.11,161.23,106.37,799.18,17,41.346
2026-01-06,Sales,DE,6.04,2.206,0.877,144.96,39.7,694.82,27,41.021
2026-02-11,Sales,DE,7.935,4.939,14.459,190.44,88.9,175.2,20,40.609
2026-06-06,Customer Service,EN,5.286,0.0,0.0,126.86,0.0,0.0,48,37.943
2026-01-10,Customer Service,DE,6.134,4.364,2.208,147.21,78.54,578.36,20,37.704
2026-03-02,Sales,FR,5.164,0.0,0.0,123.95,0.0,0.0,48,37.458
2026-06-09,Sales,DE,5.851,6.571,6.63,140.43,118.28,647.96,19,36.967
2026-01-03,Customer Service,EN,5.026,0.0,0.0,120.62,0.0,0.0,48,36.903
2026-03-02,Sales,EN,4.986,0.0,0.0,119.66,0.0,0.0,48,36.744
2026-03-07,Customer Service,EN,4.97,0.0,0.0,119.27,0.0,0.0,48,36.679
2026-05-02,Customer Service,EN,4.967,0.0,0.0,119.21,0.0,0.0,48,36.669
2026-04-04,Customer Service,EN,4.965,0.0,0.0,119.15,0.0,0.0,48,36.659
2026-02-07,Customer Service,EN,4.964,0.0,0.0,119.13,0.0,0.0,48,36.655
2026-03-02,Sales,IT,4.957,0.0,0.0,118.97,0.0,0.0,48,36.629
2026-03-13,Sales,DE,6.742,3.988,23.037,161.8,71.77,236.23,20,36.487
2026-03-05,Sales,DE,6.974,3.119,20.908,167.38,56.15,96.26,21,36.273
2026-06-06,Customer Service,IT,4.873,0.0,0.0,116.94,0.0,0.0,47,35.94
2026-04-11,Customer Service,DE,5.851,5.799,1.133,140.43,104.38,521.72,19,35.62
2026-06-06,Customer Service,FR,4.752,0.0,0.0,114.04,0.0,0.0,46,35.106
2026-06-02,Sales,FR,4.658,0.0,0.0,111.8,0.0,0.0,47,35.084
2026-01-03,Customer Service,IT,4.658,0.0,0.0,111.78,0.0,0.0,46,34.73
2026-06-02,Sales,EN,4.593,0.0,0.0,110.23,0.0,0.0,46,34.471
2026-03-07,Customer Service,IT,4.603,0.0,0.0,110.48,0.0,0.0,45,34.164
2026-05-02,Customer Service,IT,4.602,0.0,0.0,110.44,0.0,0.0,45,34.157
2026-04-04,Customer Service,IT,4.602,0.0,0.0,110.44,0.0,0.0,45,34.156
2026-02-07,Customer Service,IT,4.596,0.0,0.0,110.31,0.0,0.0,45,34.135
2026-05-08,Sales,DE,6.327,4.543,27.534,151.84,81.78,177.04,19,33.845
2026-01-03,Customer Service,FR,4.5,0.0,0.0,108.0,0.0,0.0,45,33.75
2026-03-07,Customer Service,FR,4.446,0.0,0.0,106.71,0.0,0.0,44,33.185
2026-05-02,Customer Service,FR,4.444,0.0,0.0,106.65,0.0,0.0,44,33.175
2026-04-04,Customer Service,FR,4.443,0.0,0.0,106.63,0.0,0.0,44,33.172
2026-02-07,Customer Service,FR,4.438,0.0,0.0,106.52,0.0,0.0,44,33.153
2026-05-14,Customer Service,FR,6.412,5.31,15.297,153.88,95.58,111.06,18,33.132
2026-06-02,Sales,IT,4.443,0.0,0.0,106.63,0.0,0.0,43,32.822
2026-01-12,Sales,DE,4.014,7.219,1.356,96.34,129.95,1092.3,13,32.257
2026-04-10,Sales,DE,5.208,6.168,2.861,124.99,111.02,459.57,18,32.034
2026-06-05,Sales,DE,4.914,7.934,5.878,117.94,142.82,482.64,17,30.755
2026-02-05,Sales,DE,5.458,5.007,10.807,130.98,90.13,237.12,18,30.659
2026-06-04,Sales,DE,4.998,7.049,5.614,119.96,126.89,383.08,17,30.029
2026-02-13,Sales,DE,5.422,6.967,9.769,130.12,125.41,190.56,18,30.019
2026-05-01,Sales,DE,5.412,4.404,20.655,129.89,79.28,185.64,18,29.928
2026-03-06,Customer Service,FR,5.563,4.817,14.646,133.52,86.71,74.81,18,29.351
2026-03-06,Sales,DE,5.453,4.18,22.478,130.88,75.24,115.87,18,29.349
2026-03-12,Customer Service,IT,5.244,6.598,10.772,125.86,118.76,168.86,18,29.078
2026-06-10,Sales,DE,4.3,6.54,5.031,103.2,117.72,616.47,15,29.026
2026-04-13,Sales,DE,3.547,8.355,0.75,85.12,150.39,924.24,12,28.246
2026-01-05,Sales,DE,3.38,6.956,1.124,81.11,125.2,912.83,14,28.156
2026-03-06,Customer Service,IT,5.184,7.314,10.104,124.43,131.64,103.33,18,28.14
2026-05-11,Customer Service,FR,5.325,7.741,20.567,127.79,139.33,163.46,13,27.593
2026-01-14,Sales,DE,3.925,8.899,1.342,94.2,160.19,574.3,15,27.076
2026-03-14,Sales,DE,4.656,7.207,11.61,111.76,129.73,187.97,16,26.231
2026-03-09,Customer Service,FR,4.677,7.025,23.304,112.24,126.45,176.67,16,26.191
2026-04-07,Customer Service,IT,4.05,7.758,3.646,97.2,139.65,328.82,18,26.007
2026-02-06,Sales,DE,4.62,5.906,10.529,110.89,106.31,140.62,17,25.932
2026-01-13,Sales,DE,3.856,7.431,1.105,92.54,133.76,564.52,12,25.646
2026-03-11,Customer Service,FR,4.33,2.49,13.749,103.92,44.82,170.69,18,25.441
2026-01-07,Sales,DE,2.875,8.994,0.405,69.01,161.89,910.79,12,25.416
2026-04-06,Sales,DE,3.278,7.857,0.855,78.68,141.43,686.02,14,25.331
2026-04-02,Sales,DE,3.439,8.649,0.956,82.54,155.68,621.72,14,25.288
2026-06-04,Customer Service,FR,3.945,7.752,4.229,94.67,139.55,244.34,18,24.685
2026-01-08,Sales,DE,2.807,9.66,0.437,67.37,173.87,690.86,16,24.198
2026-04-14,Sales,DE,3.24,8.014,0.688,77.77,144.26,564.4,14,23.882
2026-02-02,Customer Service,IT,3.954,7.67,10.607,94.89,138.06,196.27,17,23.859
2026-06-11,Sales,DE,3.71,6.741,4.075,89.04,121.33,394.2,13,23.595
2026-02-02,Customer Service,FR,3.82,7.466,8.241,91.69,134.39,206.92,17,23.438
2026-04-08,Sales,DE,3.576,9.27,1.609,85.82,166.85,340.7,15,23.187
2026-01-09,Customer Service,FR,3.338,9.477,3.499,80.11,170.59,320.26,18,23.068
2026-05-11,Sales,FR,3.952,8.48,10.161,94.86,152.63,110.18,17,22.935
2026-04-07,Sales,DE,3.057,8.898,0.773,73.37,160.17,669.56,10,22.87
2026-03-03,Customer Service,FR,3.778,7.634,7.367,90.66,137.41,183.63,15,22.319
2026-06-11,Customer Service,EN,3.159,9.82,1.91,75.82,176.77,307.68,18,22.218
2026-06-12,Sales,DE,3.484,7.504,4.724,83.6,135.07,349.6,13,22.213
2026-03-03,Customer Service,IT,3.571,9.628,5.95,85.7,173.3,275.16,14,22.119
2026-05-09,Sales,DE,3.961,7.685,9.46,95.07,138.33,83.38,15,21.984
2026-04-09,Customer Service,IT,3.253,9.488,3.037,78.08,170.79,217.75,18,21.636
2026-01-09,Sales,DE,2.769,10.254,0.831,66.46,184.58,563.81,12,21.29
2026-05-12,Customer Service,FR,3.889,9.077,12.612,93.34,163.39,166.53,11,21.183
2026-04-01,Sales,DE,3.0,9.538,1.037,72.01,171.69,463.74,12,21.149
2026-03-10,Customer Service,FR,3.476,9.015,13.144,83.41,162.27,158.42,14,20.492
2026-02-02,Customer Service,EN,3.437,8.696,6.894,82.48,156.53,200.47,13,20.435
2026-03-03,Customer Service,EN,2.868,8.474,3.951,68.84,152.54,336.98,13,19.617
2026-05-04,Customer Service,IT,3.085,8.05,16.478,74.03,144.89,208.7,14,19.465
2026-03-09,Customer Service,EN,3.146,8.807,9.228,75.5,158.53,118.48,16,19.447
2026-01-02,Sales,DE,2.584,9.54,0.783,62.02,171.71,486.36,11,19.374
2026-05-05,Customer Service,FR,3.359,7.984,13.364,80.63,143.7,107.36,13,19.133
2026-03-12,Customer Service,FR,3.278,9.667,10.238,78.67,174.01,100.26,14,19.08
2026-03-04,Sales,EN,2.994,9.933,4.412,71.86,178.8,73.09,18,19.057
2026-01-01,Sales,DE,2.157,10.069,0.863,51.77,181.25,660.86,9,18.828
2026-02-14,Sales,DE,3.224,9.482,4.459,77.38,170.68,114.96,13,18.673
2026-04-09,Sales,DE,2.428,9.72,1.012,58.28,174.97,472.59,11,18.604
2026-06-01,Customer Service,IT,2.369,4.202,2.324,56.85,75.63,447.96,12,18.453
2026-02-09,Customer Service,FR,3.19,8.889,11.288,76.55,160.0,93.48,13,18.306
2026-05-11,Customer Service,IT,3.208,7.857,16.855,77.0,141.42,150.93,11,18.293
2026-05-04,Customer Service,EN,2.898,8.866,8.598,69.55,159.59,251.82,11,18.127
2026-05-08,Sales,IT,2.69,10.769,5.159,64.57,193.84,81.79,18,17.933
2026-05-13,Customer Service,FR,2.94,10.318,8.249,70.56,185.72,157.82,12,17.643
2026-06-09,Sales,FR,2.68,10.253,3.476,64.33,184.55,174.79,14,17.485
2026-05-11,Customer Service,EN,3.06,9.249,10.534,73.45,166.48,95.19,12,17.456
2026-06-01,Customer Service,FR,2.146,9.019,3.284,51.49,162.34,463.28,11,17.374
2026-05-04,Customer Service,FR,2.747,7.577,12.269,65.92,136.39,200.24,12,17.323
2026-02-09,Customer Service,EN,2.721,9.333,5.719,65.3,167.99,170.84,13,17.255
2026-04-03,Sales,DE,2.544,10.241,0.372,61.07,184.34,285.03,11,17.068
2026-06-08,Customer Service,FR,2.302,10.375,2.738,55.24,186.75,382.2,10,16.783
2026-02-04,Customer Service,FR,2.698,9.662,7.288,64.76,173.91,177.57,11,16.538
2026-03-09,Customer Service,IT,2.614,8.614,10.515,62.72,155.04,176.02,12,16.532
2026-02-04,Customer Service,IT,2.804,11.336,6.025,67.3,204.05,112.21,11,16.264
2026-05-08,Sales,FR,2.322,10.315,3.326,55.73,185.67,91.82,17,16.218
2026-05-05,Customer Service,EN,2.456,9.708,7.137,58.95,174.74,203.97,12,16.201
2026-06-03,Customer Service,FR,1.44,12.592,0.656,34.55,226.65,735.23,7,16.051
2026-02-03,Customer Service,EN,2.577,10.381,5.309,61.85,186.86,175.73,11,16.032
2026-05-12,Customer Service,EN,2.718,10.223,9.238,65.22,184.02,148.75,10,15.957
2026-02-09,Customer Service,IT,2.451,9.878,10.371,58.81,177.8,204.44,11,15.833
2026-03-10,Customer Service,IT,2.536,10.101,8.08,60.85,181.82,195.96,10,15.732
2026-02-10,Customer Service,FR,2.349,9.276,6.381,56.38,166.97,252.74,10,15.593
2026-06-14,Sales,EN,3.72,0.0,0.0,89.28,0.0,0.0,2,15.58
2026-06-07,Sales,EN,3.71,0.0,0.0,89.05,0.0,0.0,2,15.541
2026-02-03,Customer Service,IT,2.852,10.562,8.388,68.46,190.12,76.43,9,15.375
2026-05-01,Customer Service,IT,2.512,10.511,7.366,60.29,189.19,170.01,10,15.361
2026-05-14,Customer Service,EN,2.342,11.03,5.644,56.21,198.54,140.19,12,15.064
2026-03-04,Customer Service,IT,2.502,9.799,8.658,60.05,176.38,141.02,10,15.012
2026-01-05,Customer Service,FR,2.176,10.063,3.072,52.22,181.14,280.37,9,14.844
2026-02-12,Sales,EN,3.616,0.0,0.0,86.79,0.0,0.0,1,14.815
2026-02-13,Customer Service,FR,1.952,11.576,2.115,46.84,208.37,321.56,10,14.737
2026-06-03,Customer Service,IT,1.522,12.708,0.394,36.52,228.74,574.54,7,14.665
2026-06-03,Customer Service,EN,1.455,12.416,0.0,34.92,223.48,596.07,7,14.628
2026-05-06,Customer Service,FR,2.213,8.524,10.907,53.11,153.44,176.55,11,14.585
2026-03-13,Customer Service,FR,2.516,9.925,7.829,60.37,178.65,128.59,9,14.584
2026-05-12,Customer Service,IT,2.383,9.198,9.053,57.19,165.56,169.15,9,14.486
2026-05-05,Customer Service,IT,2.312,8.806,15.868,55.49,158.51,191.74,9,14.444
2026-06-14,Sales,FR,3.517,0.0,0.0,84.4,0.0,0.0,1,14.417
2026-06-07,Sales,FR,3.512,0.0,0.0,84.3,0.0,0.0,1,14.4
2026-01-11,Sales,EN,3.496,0.0,0.0,83.92,0.0,0.0,1,14.336
2026-01-04,Sales,EN,3.496,0.0,0.0,83.9,0.0,0.0,1,14.333
2026-06-09,Customer Service,FR,1.944,12.51,2.475,46.66,225.19,310.94,9,14.244
2026-02-04,Customer Service,EN,2.451,10.312,4.037,58.82,185.61,86.0,10,14.22
2026-03-04,Customer Service,FR,2.478,9.104,9.036,59.46,163.88,173.37,7,14.209
2026-02-12,Sales,FR,3.455,0.0,0.0,82.91,0.0,0.0,1,14.169
2026-04-02,Customer Service,IT,1.913,13.048,2.303,45.92,234.87,300.22,9,14.005
2026-05-13,Customer Service,EN,2.173,10.254,6.012,52.15,184.58,159.65,10,13.895
2026-06-01,Customer Service,EN,1.512,12.634,0.634,36.29,227.4,469.23,8,13.853
2026-04-12,Sales,EN,3.446,0.0,0.0,82.7,0.0,0.0,0,13.784
2026-05-10,Sales,EN,3.446,0.0,0.0,82.7,0.0,0.0,0,13.784
2026-04-05,Sales,EN,3.445,0.0,0.0,82.68,0.0,0.0,0,13.78
2026-02-08,Sales,EN,3.445,0.0,0.0,82.67,0.0,0.0,0,13.779
2026-03-08,Sales,EN,3.445,0.0,0.0,82.67,0.0,0.0,0,13.779
2026-05-03,Sales,EN,3.444,0.0,0.0,82.67,0.0,0.0,0,13.778
2026-02-01,Sales,EN,3.444,0.0,0.0,82.67,0.0,0.0,0,13.778
2026-03-01,Sales,EN,3.444,0.0,0.0,82.67,0.0,0.0,0,13.778
2026-02-11,Customer Service,IT,2.437,3.84,8.918,58.48,69.12,48.85,10,13.768
2026-02-10,Customer Service,IT,2.22,10.104,6.66,53.28,181.88,127.35,10,13.738
2026-04-01,Customer Service,IT,1.678,13.765,1.277,40.28,247.77,351.34,9,13.611
2026-03-10,Customer Service,EN,2.276,9.911,5.954,54.63,178.4,116.32,9,13.496
2026-06-04,Sales,FR,1.91,10.779,1.889,45.85,194.02,181.13,11,13.424
2026-01-06,Customer Service,FR,1.665,11.914,1.924,39.97,214.46,402.41,7,13.403
2026-06-14,Sales,IT,3.348,0.0,0.0,80.36,0.0,0.0,0,13.393
2026-06-07,Sales,IT,3.347,0.0,0.0,80.33,0.0,0.0,0,13.389
2026-05-06,Customer Service,IT,2.301,9.485,8.619,55.22,170.73,96.64,9,13.385
2026-01-04,Sales,FR,3.333,0.0,0.0,79.99,0.0,0.0,0,13.332
2026-01-11,Sales,FR,3.331,0.0,0.0,79.93,0.0,0.0,0,13.322
2026-04-07,Customer Service,FR,1.354,12.514,1.714,32.49,225.25,508.59,7,13.29
2026-01-12,Customer Service,FR,1.671,10.784,2.405,40.1,194.1,387.52,7,13.268
2026-02-12,Sales,IT,3.313,0.0,0.0,79.51,0.0,0.0,0,13.252
2026-03-05,Customer Service,FR,2.18,9.967,10.836,52.32,179.41,195.18,7,13.252
2026-05-10,Sales,FR,3.29,0.0,0.0,78.95,0.0,0.0,0,13.159
2026-04-12,Sales,FR,3.29,0.0,0.0,78.95,0.0,0.0,0,13.159
2026-05-03,Sales,FR,3.29,0.0,0.0,78.95,0.0,0.0,0,13.158
2026-03-01,Sales,FR,3.289,0.0,0.0,78.94,0.0,0.0,0,13.156
2026-04-05,Sales,FR,3.289,0.0,0.0,78.94,0.0,0.0,0,13.156
2026-03-08,Sales,FR,3.288,0.0,0.0,78.92,0.0,0.0,0,13.153
2026-02-01,Sales,FR,3.284,0.0,0.0,78.83,0.0,0.0,0,13.138
2026-02-08,Sales,FR,3.281,0.0,0.0,78.75,0.0,0.0,0,13.125
2026-05-06,Customer Service,EN,2.043,9.347,7.977,49.04,168.24,165.92,9,13.094
2026-02-05,Customer Service,EN,1.886,5.04,3.485,45.26,90.72,154.84,11,13.045
2026-01-05,Customer Service,IT,1.61,11.671,1.828,38.65,210.08,378.9,7,12.933
2026-01-04,Sales,IT,3.199,0.0,0.0,76.78,0.0,0.0,0,12.797
2026-01-11,Sales,IT,3.197,0.0,0.0,76.73,0.0,0.0,0,12.788
2026-02-03,Customer Service,FR,2.215,9.454,6.104,53.17,170.17,130.71,7,12.705
2026-05-07,Customer Service,FR,2.159,9.738,8.007,51.82,175.28,117.34,8,12.689
2026-05-13,Customer Service,IT,2.151,9.754,8.74,51.63,175.57,150.71,7,12.663
2026-05-10,Sales,IT,3.158,0.0,0.0,75.79,0.0,0.0,0,12.632
2026-04-12,Sales,IT,3.158,0.0,0.0,75.79,0.0,0.0,0,12.632
2026-05-03,Sales,IT,3.158,0.0,0.0,75.79,0.0,0.0,0,12.631
2026-04-05,Sales,IT,3.157,0.0,0.0,75.77,0.0,0.0,0,12.629
2026-03-01,Sales,IT,3.157,0.0,0.0,75.76,0.0,0.0,0,12.626
2026-03-08,Sales,IT,3.156,0.0,0.0,75.74,0.0,0.0,0,12.623
2026-02-01,Sales,IT,3.152,0.0,0.0,75.65,0.0,0.0,0,12.608
2026-06-08,Customer Service,EN,1.576,6.281,0.735,37.83,113.05,360.13,7,12.596
2026-02-08,Sales,IT,3.149,0.0,0.0,75.58,0.0,0.0,0,12.596
2026-06-12,Customer Service,FR,1.563,13.645,2.191,37.52,245.62,386.19,6,12.472
2026-01-12,Customer Service,IT,1.422,11.687,1.468,34.12,210.37,436.36,6,12.441
2026-06-13,Sales,DE,1.545,10.4,0.982,37.08,187.2,351.76,7,12.382
2026-04-13,Customer Service,FR,1.656,12.292,2.656,39.74,221.26,306.24,7,12.34
2026-03-12,Customer Service,EN,2.044,10.751,5.858,49.06,193.52,94.07,9,12.329
2026-01-13,Customer Service,EN,1.132,13.796,0.312,27.17,248.34,527.34,6,12.253
2026-06-11,Customer Service,FR,1.367,12.841,2.387,32.81,231.14,438.71,6,12.249
2026-01-06,Customer Service,IT,1.486,13.651,1.612,35.66,245.73,357.5,7,12.207
2026-05-08,Customer Service,FR,1.799,10.165,6.361,43.18,182.97,228.63,7,12.086
2026-04-02,Customer Service,FR,1.682,6.42,1.611,40.37,115.56,204.77,9,12.063
2026-06-09,Customer Service,IT,1.34,12.317,1.918,32.15,221.71,393.13,7,12.001
2026-06-06,Sales,EN,3.0,0.0,0.0,71.99,0.0,0.0,0,11.999
2026-03-11,Customer Service,EN,1.812,10.448,5.033,43.48,188.06,148.28,9,11.979
2026-06-10,Customer Service,FR,1.267,12.678,1.435,30.41,228.2,346.62,9,11.915
2026-01-12,Customer Service,EN,1.256,12.923,0.545,30.14,232.62,481.15,5,11.906
2026-01-07,Customer Service,FR,1.462,5.56,2.406,35.1,100.08,336.26,7,11.887
2026-04-07,Customer Service,EN,1.171,13.542,0.425,28.1,243.76,501.9,5,11.788
2026-03-05,Customer Service,EN,1.906,10.585,5.136,45.76,190.53,112.28,8,11.624
2026-02-05,Customer Service,FR,2.062,10.529,4.312,49.48,189.51,74.62,7,11.492
2026-04-14,Customer Service,FR,1.58,13.575,1.848,37.91,244.35,249.07,7,11.425
2026-02-10,Customer Service,EN,1.878,10.664,2.998,45.06,191.95,96.5,8,11.339
2026-04-01,Customer Service,FR,1.464,11.784,1.126,35.13,212.1,250.6,8,11.328
2026-04-01,Customer Service,EN,1.49,13.636,0.855,35.76,245.45,272.88,7,11.321
2026-04-06,Customer Service,IT,1.155,12.994,1.52,27.73,233.9,427.82,6,11.284
2026-02-05,Customer Service,IT,1.854,11.73,3.513,44.48,211.14,163.91,6,11.262
2026-02-11,Customer Service,FR,1.906,10.171,5.003,45.74,183.08,110.94,7,11.256
2026-01-10,Sales,DE,1.543,11.48,0.306,37.03,206.63,279.7,6,11.254
2026-01-03,Sales,EN,2.81,0.0,0.0,67.45,0.0,0.0,0,11.241
2026-03-04,Customer Service,EN,1.843,10.205,5.034,44.23,183.69,156.36,6,11.14
2026-01-05,Customer Service,EN,1.165,12.67,0.578,27.96,228.07,443.21,5,11.138
2026-03-05,Customer Service,IT,1.855,11.036,6.359,44.51,198.64,115.19,7,11.098
2026-02-13,Customer Service,IT,1.549,12.169,2.813,37.17,219.05,196.3,8,11.089
2026-01-07,Customer Service,IT,1.47,14.067,1.508,35.27,253.2,323.83,5,11.082
2026-04-04,Sales,EN,2.754,0.0,0.0,66.09,0.0,0.0,0,11.015
2026-03-07,Sales,EN,2.754,0.0,0.0,66.08,0.0,0.0,0,11.014
2026-05-01,Customer Service,EN,1.814,9.853,5.105,43.54,177.35,155.42,6,11.014
2026-02-07,Sales,EN,2.754,0.0,0.0,66.08,0.0,0.0,0,11.014
2026-05-02,Sales,EN,2.753,0.0,0.0,66.08,0.0,0.0,0,11.013
2026-04-02,Customer Service,EN,1.466,13.429,0.727,35.2,241.72,174.66,9,10.879
2026-05-07,Customer Service,EN,1.792,10.792,4.375,43.0,194.25,150.95,6,10.876
2026-01-01,Customer Service,IT,1.025,13.675,1.045,24.61,246.15,469.84,5,10.863
2026-06-08,Customer Service,IT,1.407,11.284,1.768,33.77,203.12,293.11,6,10.856
2026-06-06,Sales,FR,2.69,0.0,0.0,64.57,0.0,0.0,0,10.762
2026-05-01,Customer Service,FR,1.668,10.18,4.839,40.04,183.24,152.75,7,10.753
2026-03-14,Sales,EN,1.732,11.846,2.131,41.57,213.23,56.73,9,10.684
2026-01-13,Customer Service,FR,1.5,4.812,2.039,35.99,86.62,266.59,5,10.593
2026-04-06,Customer Service,FR,1.432,12.575,1.542,34.37,226.35,252.06,6,10.517
2026-01-14,Customer Service,FR,1.124,12.388,1.642,26.99,222.98,399.76,5,10.512
2026-06-10,Customer Service,IT,1.047,14.388,1.057,25.13,258.98,428.32,5,10.507
2026-05-14,Customer Service,IT,1.804,10.758,6.862,43.29,193.64,68.31,7,10.394
2026-01-01,Customer Service,EN,0.98,14.986,0.378,23.53,269.75,442.43,5,10.39
2026-02-06,Customer Service,IT,1.852,11.699,3.721,44.46,210.59,108.32,5,10.315
2026-04-11,Sales,DE,1.458,11.523,0.635,35.0,207.42,252.6,5,10.277
2026-06-06,Sales,IT,2.569,0.0,0.0,61.66,0.0,0.0,0,10.276
2026-03-11,Customer Service,IT,1.638,10.179,5.399,39.32,183.22,178.3,5,10.205
2026-03-06,Customer Service,EN,1.706,11.044,3.45,40.95,198.79,54.12,8,10.202
2026-01-03,Sales,FR,2.538,0.0,0.0,60.92,0.0,0.0,0,10.153
2026-04-13,Customer Service,IT,1.467,12.695,1.73,35.22,228.51,237.41,5,10.152
2026-05-08,Customer Service,EN,1.633,10.584,3.917,39.19,190.51,41.62,9,10.126
2026-06-11,Customer Service,IT,1.27,13.99,1.528,30.47,251.82,307.4,5,10.107
2026-02-06,Customer Service,FR,1.643,11.763,3.155,39.43,211.74,98.73,7,10.075
2026-04-06,Customer Service,EN,0.923,13.712,0.358,22.16,246.81,431.41,5,10.046
2026-04-04,Sales,FR,2.491,0.0,0.0,59.79,0.0,0.0,0,9.965
2026-05-02,Sales,FR,2.491,0.0,0.0,59.78,0.0,0.0,0,9.964
2026-06-10,Customer Service,EN,1.119,13.972,0.49,26.86,251.5,317.42,6,9.963
2026-03-07,Sales,FR,2.49,0.0,0.0,59.76,0.0,0.0,0,9.96
2026-02-11,Customer Service,EN,1.551,11.054,2.917,37.24,198.97,154.48,6,9.954
2026-02-07,Sales,FR,2.488,0.0,0.0,59.7,0.0,0.0,0,9.95
2026-06-09,Customer Service,EN,1.112,13.458,0.79,26.7,242.24,307.04,6,9.825
2026-04-13,Customer Service,EN,1.185,13.554,0.553,28.45,243.97,308.76,5,9.784
2026-01-03,Sales,IT,2.44,0.0,0.0,58.56,0.0,0.0,0,9.76
2026-02-13,Customer Service,EN,1.119,12.818,1.701,26.86,230.73,291.19,6,9.683
2026-03-13,Customer Service,IT,1.633,10.613,6.14,39.19,191.03,89.6,6,9.588
2026-04-04,Sales,IT,2.395,0.0,0.0,57.47,0.0,0.0,0,9.578
2026-05-02,Sales,IT,2.394,0.0,0.0,57.46,0.0,0.0,0,9.577
2026-03-07,Sales,IT,2.393,0.0,0.0,57.43,0.0,0.0,0,9.571
2026-02-07,Sales,IT,2.391,0.0,0.0,57.37,0.0,0.0,0,9.562
2026-01-01,Customer Service,FR,1.014,13.178,1.003,24.33,237.21,315.7,6,9.523
2026-01-08,Customer Service,EN,0.828,7.708,0.57,19.88,138.75,417.36,5,9.515
2026-01-13,Customer Service,IT,0.861,12.568,0.724,20.68,226.22,403.92,5,9.504
2026-01-08,Customer Service,FR,1.039,13.403,1.464,24.94,241.26,329.54,5,9.422
2026-05-08,Customer Service,IT,1.575,10.772,5.78,37.8,193.89,124.86,5,9.382
2026-01-06,Customer Service,EN,1.026,14.112,0.603,24.61,254.01,318.4,5,9.248
2026-01-07,Customer Service,EN,0.937,14.212,0.374,22.49,255.81,341.82,5,9.144
2026-04-14,Customer Service,IT,1.229,13.829,1.36,29.49,248.93,207.71,5,8.881
2026-04-08,Customer Service,FR,1.005,12.816,1.036,24.11,230.69,285.11,5,8.81
2026-04-14,Customer Service,EN,0.994,13.912,0.426,23.86,250.41,278.74,5,8.699
2026-06-04,Customer Service,IT,0.869,13.586,1.189,20.86,244.54,324.65,5,8.69
2026-01-02,Customer Service,FR,0.884,13.988,0.959,21.2,251.78,285.42,6,8.678
2026-04-09,Customer Service,FR,1.055,13.875,1.198,25.31,249.75,244.15,5,8.573
2026-01-02,Customer Service,IT,0.719,15.452,0.671,17.25,278.13,362.97,5,8.497
2026-01-14,Customer Service,IT,1.004,13.352,0.799,24.1,240.34,220.28,6,8.466
2026-06-05,Customer Service,FR,0.885,13.206,1.318,21.25,237.7,261.22,6,8.427
2026-06-05,Customer Service,IT,0.795,14.597,0.905,19.09,262.75,319.32,5,8.337
2026-01-08,Customer Service,IT,1.026,14.023,1.218,24.64,252.42,231.1,5,8.321
2026-01-14,Customer Service,EN,0.875,14.638,0.333,21.0,263.48,283.59,5,8.275
2026-06-12,Customer Service,IT,0.86,14.354,0.863,20.65,258.37,287.01,5,8.252
2026-04-09,Sales,FR,1.338,4.614,1.238,32.11,83.05,135.5,4,8.196
2026-05-07,Customer Service,IT,1.418,10.09,6.783,34.03,181.62,70.31,5,8.172
2026-01-02,Customer Service,EN,0.757,15.564,0.271,18.17,280.15,311.2,5,8.099
2026-04-03,Customer Service,EN,0.846,15.743,0.446,20.31,283.38,275.48,5,8.073
2026-04-08,Customer Service,EN,0.916,14.431,0.273,21.98,259.76,243.25,5,8.009
2026-01-09,Customer Service,EN,0.746,15.641,0.428,17.91,281.54,299.13,5,7.926
2026-04-09,Customer Service,EN,0.913,7.742,0.402,21.91,139.36,236.14,5,7.92
2026-06-04,Customer Service,EN,0.932,14.598,0.372,22.37,262.77,225.52,5,7.885
2026-04-03,Customer Service,FR,1.002,7.028,1.168,24.05,126.51,191.5,5,7.802
2026-01-09,Customer Service,IT,0.818,14.969,0.855,19.63,269.44,260.16,5,7.797
2026-06-05,Customer Service,EN,0.734,15.371,0.341,17.62,276.67,290.86,5,7.788
2026-01-10,Customer Service,FR,0.735,17.37,0.656,17.64,312.66,284.9,5,7.729
2026-02-06,Customer Service,EN,1.193,11.649,2.242,28.64,209.69,79.46,6,7.722
2026-04-10,Customer Service,FR,0.828,14.578,0.716,19.88,262.4,244.63,5,7.673
2026-04-08,Customer Service,IT,0.7,14.074,0.639,16.79,253.33,282.21,5,7.559
2026-04-10,Customer Service,EN,0.679,15.899,0.306,16.3,286.18,285.62,5,7.514
2026-06-03,Sales,FR,0.86,15.418,0.977,20.63,277.52,215.8,5,7.49
2026-06-03,Sales,EN,0.826,16.266,0.845,19.82,292.79,193.67,6,7.469
2026-04-03,Customer Service,IT,0.965,15.517,0.94,23.15,279.3,158.98,5,7.304
2026-03-09,Sales,IT,0.997,14.859,3.772,23.93,267.46,145.28,5,7.289
2026-03-14,Customer Service,FR,1.052,14.105,2.781,25.26,253.89,78.68,6,7.149
2026-06-03,Sales,IT,0.756,8.798,1.36,18.14,158.37,221.2,5,7.134
2026-03-09,Sales,FR,0.982,14.738,3.436,23.57,265.29,134.86,5,7.118
2026-06-01,Sales,EN,0.768,16.552,0.742,18.44,297.93,200.81,5,6.966
2026-05-04,Sales,EN,0.965,14.53,2.713,23.15,261.54,111.84,5,6.802
2026-06-12,Customer Service,EN,0.805,15.462,0.259,19.32,278.32,170.41,5,6.788
2026-05-11,Sales,EN,0.887,14.019,3.109,21.29,252.34,139.27,5,6.785
2026-05-12,Sales,EN,0.945,14.88,3.017,22.69,267.84,116.23,5,6.771
2026-01-12,Sales,EN,0.558,17.505,0.232,13.38,315.09,259.61,5,6.749
2026-06-13,Customer Service,FR,0.635,16.742,0.596,15.23,301.36,227.17,5,6.712
2026-05-11,Sales,IT,0.805,13.908,3.347,19.33,250.35,161.56,5,6.694
2026-03-11,Sales,IT,0.735,15.033,2.559,17.63,270.59,183.58,5,6.647
2026-01-13,Sales,FR,0.671,17.175,0.794,16.1,309.15,238.32,4,6.625
2026-05-04,Sales,FR,0.936,13.953,4.3,22.48,251.16,104.12,5,6.607
2026-05-12,Sales,FR,0.8,14.965,2.451,19.2,269.37,153.74,5,6.59
2026-01-10,Customer Service,EN,0.574,10.305,0.326,13.77,185.49,234.67,5,6.548
2026-06-13,Customer Service,EN,0.549,17.348,0.229,13.17,312.26,243.46,5,6.542
2026-06-01,Sales,FR,0.674,16.02,0.864,16.18,288.35,194.86,5,6.526
2026-01-13,Sales,EN,0.488,18.318,0.27,11.71,329.72,295.7,4,6.506
2026-01-05,Sales,EN,0.514,17.64,0.197,12.34,317.53,249.37,5,6.467
2026-03-10,Sales,EN,0.889,14.759,1.502,21.34,265.67,102.48,5,6.399
2026-02-02,Sales,IT,0.755,15.437,1.347,18.13,277.86,152.66,5,6.399
2026-01-05,Sales,IT,0.558,17.394,0.522,13.39,313.1,225.47,5,6.387
2026-04-06,Sales,FR,0.6,9.599,0.887,14.41,172.78,206.17,5,6.35
2026-04-10,Customer Service,IT,0.626,15.564,0.43,15.02,280.14,195.94,5,6.344
2026-06-13,Customer Service,IT,0.598,17.275,0.588,14.35,310.95,202.48,5,6.302
2026-01-12,Sales,FR,0.575,16.669,0.462,13.8,300.04,240.92,4,6.27
2026-02-04,Sales,IT,0.85,16.016,1.012,20.41,288.29,103.57,5,6.257
2026-02-04,Sales,FR,0.916,15.697,1.831,21.99,282.55,78.56,5,6.253
2026-05-05,Sales,EN,0.789,15.428,1.997,18.94,277.71,158.39,4,6.246
2026-03-04,Sales,FR,0.75,15.227,2.123,17.99,274.09,136.39,5,6.204
2026-03-12,Sales,IT,0.663,16.287,1.748,15.9,293.16,168.88,5,6.201
2026-02-09,Sales,IT,0.937,15.486,2.144,22.49,278.76,63.93,5,6.18
2026-05-12,Sales,IT,0.837,15.479,1.746,20.09,278.62,97.6,5,6.14
2026-02-09,Sales,FR,0.807,14.859,2.204,19.36,267.46,103.41,5,6.08
2026-06-10,Sales,FR,0.682,16.816,0.754,16.37,302.69,149.31,5,6.072
2026-05-07,Sales,IT,0.77,16.12,3.184,18.47,290.16,115.65,5,6.063
2026-02-02,Sales,FR,0.752,15.14,1.408,18.05,272.52,119.12,5,6.03
2026-05-04,Sales,IT,0.805,14.34,2.992,19.31,258.12,97.89,5,6.013
2026-05-06,Sales,FR,0.762,7.78,3.212,18.28,140.05,112.25,5,5.994
2026-06-08,Sales,FR,0.567,15.111,0.663,13.61,272.0,215.98,4,5.972
2026-03-10,Sales,IT,0.796,7.929,3.966,19.12,142.72,96.97,5,5.97
2026-03-10,Sales,FR,0.886,14.558,4.252,21.27,262.05,61.28,5,5.949
2026-06-08,Sales,EN,0.621,16.481,0.59,14.9,296.65,159.71,5,5.937
2026-03-03,Sales,FR,0.851,14.662,2.81,20.44,263.92,70.71,5,5.91
2026-02-03,Sales,IT,0.614,16.042,1.465,14.75,288.76,158.25,5,5.896
2026-05-06,Sales,IT,0.87,15.523,2.782,20.87,279.42,59.88,5,5.868
2026-03-11,Sales,EN,0.726,15.29,1.172,17.42,275.22,113.11,5,5.859
2026-05-09,Customer Service,IT,0.824,14.354,1.798,19.78,258.36,76.12,5,5.859
2026-06-09,Sales,IT,0.574,16.983,0.819,13.78,305.69,202.01,4,5.851
2026-05-06,Sales,EN,0.734,15.562,1.186,17.61,280.12,107.86,5,5.835
2026-02-10,Sales,FR,0.792,8.376,1.475,19.02,150.76,81.9,5,5.794
2026-04-13,Sales,EN,0.488,18.099,0.162,11.71,325.78,194.93,5,5.78
2026-04-11,Customer Service,EN,0.482,17.852,0.149,11.58,321.34,196.12,5,5.772
2026-03-13,Sales,IT,0.753,16.324,1.905,18.07,293.83,94.06,5,5.764
2026-04-01,Sales,FR,0.696,17.485,0.609,16.7,314.73,179.99,3,5.754
2026-05-07,Sales,EN,0.766,15.841,1.323,18.38,285.13,88.06,5,5.753
2026-02-11,Sales,FR,0.657,16.458,0.692,15.77,296.24,128.48,5,5.748
2026-03-05,Sales,EN,0.69,16.229,1.134,16.57,292.13,114.27,5,5.73
2026-06-01,Sales,IT,0.602,16.606,0.973,14.45,298.91,179.25,4,5.72
2026-03-11,Sales,FR,0.852,14.404,3.604,20.44,259.27,49.76,5,5.688
2026-01-10,Customer Service,IT,0.487,17.202,0.404,11.68,309.64,184.68,5,5.667
2026-05-01,Sales,EN,0.728,16.409,0.924,17.46,295.36,125.91,4,5.653
2026-04-06,Sales,IT,0.446,17.571,0.406,10.7,316.28,229.23,4,5.629
2026-03-13,Customer Service,EN,0.754,11.296,2.268,18.09,203.33,80.4,5,5.623
2026-03-13,Sales,FR,0.783,16.207,2.134,18.79,291.73,67.31,5,5.599
2026-02-03,Sales,EN,0.552,16.214,0.942,13.25,291.84,151.88,5,5.579
2026-01-12,Sales,IT,0.494,16.944,0.571,11.86,305.0,171.95,5,5.561
2026-05-09,Customer Service,FR,0.764,13.761,2.054,18.32,247.7,70.46,5,5.556
2026-05-14,Sales,FR,0.714,15.382,2.607,17.15,276.87,88.76,5,5.555
2026-03-05,Sales,IT,0.711,15.796,2.216,17.06,284.33,86.4,5,5.515
2026-01-13,Sales,IT,0.474,18.028,0.307,11.36,324.51,206.0,4,5.491
2026-02-14,Customer Service,IT,0.73,14.864,1.754,17.51,267.56,77.16,5,5.491
2026-03-09,Sales,EN,0.733,14.309,1.841,17.59,257.56,108.63,4,5.491
2026-02-10,Sales,EN,0.776,15.785,1.035,18.62,284.13,59.31,5,5.486
2026-04-07,Sales,IT,0.438,18.433,0.33,10.5,331.79,218.34,4,5.479
2026-02-03,Sales,FR,0.647,15.565,1.1,15.53,280.17,139.28,4,5.474
2026-02-10,Sales,IT,0.656,8.712,0.996,15.73,156.83,102.38,5,5.464
2026-03-14,Customer Service,IT,0.778,14.193,1.896,18.66,255.47,89.02,4,5.46
2026-05-05,Sales,IT,0.67,15.367,3.949,16.07,276.6,96.29,5,5.455
2026-03-13,Sales,EN,0.633,16.384,1.382,15.19,294.92,109.82,5,5.452
2026-06-09,Sales,EN,0.472,9.898,0.347,11.33,178.17,202.68,4,5.451
2026-01-01,Sales,IT,0.474,18.466,0.473,11.38,332.39,267.25,2,5.447
2026-05-01,Sales,FR,0.74,15.914,2.501,17.76,286.45,99.97,4,5.426
2026-05-09,Customer Service,EN,0.633,6.947,2.292,15.19,125.05,105.73,5,5.41
2026-04-06,Sales,EN,0.495,18.125,0.232,11.87,326.25,188.1,4,5.385
2026-02-09,Sales,EN,0.702,15.529,1.26,16.84,279.51,77.28,5,5.38
2026-03-12,Sales,FR,0.679,16.145,1.736,16.29,290.61,84.34,5,5.365
2026-06-08,Sales,IT,0.518,15.878,0.525,12.43,285.81,177.43,4,5.364
2026-06-04,Sales,IT,0.574,17.431,0.769,13.77,313.76,153.5,4,5.332
2026-05-13,Sales,IT,0.684,15.35,2.086,16.42,276.3,110.73,4,5.318
2026-03-14,Customer Service,EN,0.727,14.467,1.531,17.44,260.41,62.01,5,5.318
2026-02-11,Sales,EN,0.693,16.619,0.88,16.64,299.15,73.72,5,5.309
2026-04-07,Sales,FR,0.584,18.032,0.579,14.0,324.58,143.96,4,5.27
2026-05-07,Sales,FR,0.694,15.669,1.893,16.66,282.05,67.9,5,5.251
2026-05-14,Sales,IT,0.715,16.397,1.662,17.16,295.15,56.0,5,5.207
2026-05-13,Sales,EN,0.694,8.048,1.651,16.65,144.86,62.85,5,5.195
2026-04-02,Sales,FR,0.71,16.332,0.509,17.03,293.98,154.96,2,5.192
2026-06-05,Sales,FR,0.527,17.346,0.516,12.65,312.22,155.81,4,5.171
2026-04-08,Sales,IT,0.475,18.718,0.382,11.39,336.92,206.77,3,5.155
2026-03-05,Sales,FR,0.574,16.024,1.959,13.79,288.43,136.43,4,5.153
2026-02-11,Sales,IT,0.607,16.488,0.845,14.56,296.78,91.07,5,5.148
2026-05-14,Sales,EN,0.691,15.889,1.421,16.58,286.0,91.46,4,5.14
2026-03-03,Sales,IT,0.678,15.402,1.749,16.27,277.23,63.37,5,5.138
2026-05-08,Sales,EN,0.648,16.18,0.881,15.55,291.24,74.39,5,5.135
2026-01-14,Sales,IT,0.46,18.143,0.408,11.03,326.58,274.16,1,5.113
2026-03-03,Sales,EN,0.595,14.842,1.491,14.27,267.16,87.45,5,5.062
2026-04-02,Sales,IT,0.671,17.206,0.555,16.1,309.7,187.52,1,5.033
2026-05-13,Sales,FR,0.67,7.515,4.336,16.08,135.28,89.02,4,5.03
2026-01-02,Sales,FR,0.452,18.451,0.421,10.86,332.12,235.78,2,5.025
2026-02-02,Sales,EN,0.656,15.49,1.126,15.74,278.82,120.95,3,4.963
2026-06-11,Sales,FR,0.521,16.996,0.583,12.51,305.92,170.78,3,4.957
2026-04-11,Customer Service,FR,0.52,17.786,0.445,12.48,320.14,203.81,2,4.954
2026-01-08,Sales,FR,0.423,17.836,0.375,10.14,321.04,270.47,1,4.925
2026-04-07,Sales,EN,0.433,18.645,0.205,10.39,335.61,197.54,3,4.888
2026-04-11,Customer Service,IT,0.464,17.744,0.556,11.15,319.39,183.32,3,4.863
2026-04-01,Sales,IT,0.646,18.282,0.508,15.5,329.08,146.0,2,4.84
2026-04-13,Sales,FR,0.55,17.445,0.446,13.19,314.01,148.22,3,4.829
2026-01-06,Sales,EN,0.421,18.325,0.133,10.11,329.85,258.67,1,4.794
2026-01-05,Sales,FR,0.485,16.707,0.328,11.65,300.73,132.86,4,4.758
2026-02-13,Sales,EN,0.658,17.527,0.809,15.8,315.48,66.51,4,4.743
2026-01-14,Sales,FR,0.492,17.729,0.425,11.81,319.12,194.48,2,4.742
2026-02-14,Customer Service,FR,0.581,14.656,1.493,13.96,263.81,93.58,4,4.724
2026-03-12,Sales,EN,0.646,16.363,1.402,15.49,294.54,101.51,3,4.715
2026-05-05,Sales,FR,0.634,14.518,3.343,15.2,261.32,72.36,4,4.706
2026-01-01,Sales,FR,0.461,18.031,0.457,11.06,324.55,165.23,3,4.656
2026-02-05,Sales,EN,0.499,17.357,0.538,11.97,312.43,150.1,3,4.646
2026-02-05,Sales,IT,0.531,17.225,0.816,12.74,310.05,103.39,4,4.627
2026-02-14,Customer Service,EN,0.568,14.978,1.216,13.64,269.59,83.39,4,4.562
2026-05-09,Sales,EN,0.585,17.742,1.098,14.05,319.36,76.74,4,4.56
2026-04-08,Sales,FR,0.493,18.098,0.478,11.82,325.76,177.19,2,4.56
2026-02-04,Sales,EN,0.608,16.365,0.694,14.59,294.57,128.9,2,4.507
2026-04-13,Sales,IT,0.401,18.026,0.358,9.62,324.46,238.31,1,4.495
2026-01-07,Sales,FR,0.482,17.323,0.483,11.56,311.81,171.92,2,4.461
2026-02-06,Sales,IT,0.524,17.17,0.603,12.59,309.06,90.04,4,4.458
2026-06-11,Sales,IT,0.506,17.148,0.526,12.14,308.67,162.67,2,4.458
2026-02-06,Sales,FR,0.586,9.172,0.997,14.06,165.1,66.29,4,4.45
2026-06-05,Sales,IT,0.492,17.622,0.62,11.8,317.2,134.48,3,4.45
2026-04-14,Sales,IT,0.482,18.524,0.384,11.58,333.43,202.69,1,4.442
2026-03-04,Sales,IT,0.534,15.509,3.704,12.82,279.16,117.24,3,4.437
2026-02-13,Sales,FR,0.542,17.165,0.911,13.0,308.97,75.86,4,4.376
2026-04-02,Sales,EN,0.647,17.015,0.308,15.53,306.27,167.28,0,4.373
2026-01-09,Sales,FR,0.407,18.173,0.403,9.77,327.11,185.6,2,4.308
2026-06-10,Sales,IT,0.504,16.849,0.557,12.11,303.29,141.18,2,4.224
2026-05-01,Sales,IT,0.485,16.187,1.489,11.63,291.36,81.68,4,4.21
2026-06-12,Sales,FR,0.484,17.462,0.495,11.62,314.32,112.7,3,4.188
2026-01-08,Sales,EN,0.354,19.116,0.11,8.5,344.09,257.62,0,4.164
2026-04-10,Sales,FR,0.42,18.468,0.37,10.08,332.42,166.85,2,4.16
2026-04-08,Sales,EN,0.393,19.055,0.177,9.43,342.99,239.96,0,4.131
2026-03-06,Sales,EN,0.494,16.233,0.778,11.86,292.19,98.58,3,4.079
2026-04-03,Sales,IT,0.321,19.041,0.303,7.7,342.74,259.69,0,4.054
2026-01-02,Sales,IT,0.425,18.644,0.409,10.2,335.6,153.7,2,4.039
2026-05-09,Sales,FR,0.512,17.529,0.792,12.3,315.52,86.27,3,4.02
2026-01-02,Sales,EN,0.362,19.274,0.131,8.68,346.93,239.12,0,3.998
2026-04-01,Sales,EN,0.527,18.214,0.221,12.65,327.85,174.16,0,3.966
2026-03-06,Sales,IT,0.556,16.685,1.183,13.33,300.33,59.69,3,3.909
2026-04-03,Sales,FR,0.365,18.63,0.211,8.75,335.34,190.54,1,3.841
2026-05-09,Sales,IT,0.483,17.93,0.877,11.6,322.74,45.27,4,3.816
2026-01-09,Sales,IT,0.347,18.739,0.232,8.32,337.31,191.4,1,3.779
2026-02-13,Sales,IT,0.476,17.486,0.608,11.42,314.75,76.85,3,3.773
2026-02-05,Sales,FR,0.449,16.516,0.485,10.78,297.3,118.82,2,3.764
2026-04-14,Sales,EN,0.416,18.63,0.201,9.99,335.34,162.83,1,3.752
2026-01-14,Sales,EN,0.408,18.936,0.128,9.78,340.86,194.75,0,3.707
2026-06-11,Sales,EN,0.411,17.652,0.264,9.86,317.74,157.09,1,3.67
2026-01-07,Sales,IT,0.372,18.027,0.299,8.94,324.48,196.33,0,3.584
2026-01-06,Sales,FR,0.465,17.343,0.293,11.15,312.17,127.91,1,3.573
2026-01-08,Sales,IT,0.411,18.529,0.385,9.87,333.53,144.88,1,3.54
2026-06-05,Sales,EN,0.45,18.728,0.352,10.8,337.11,97.31,2,3.538
2026-06-04,Sales,EN,0.427,17.997,0.314,10.25,323.95,136.51,1,3.514
2026-01-01,Sales,EN,0.382,11.595,0.191,9.17,208.71,182.08,0,3.471
2026-06-12,Sales,IT,0.36,17.629,0.321,8.64,317.32,157.31,1,3.468
2026-04-10,Sales,IT,0.376,19.022,0.287,9.02,342.4,148.2,1,3.435
2026-03-14,Sales,FR,0.446,17.546,0.912,10.7,315.83,73.11,2,3.263
2026-01-07,Sales,EN,0.374,18.778,0.137,8.97,338.0,163.67,0,3.241
2026-01-09,Sales,EN,0.34,19.101,0.113,8.15,343.82,174.41,0,3.218
2026-06-10,Sales,EN,0.386,17.996,0.296,9.25,323.92,157.0,0,3.217
2026-01-06,Sales,IT,0.398,17.886,0.231,9.56,321.94,147.69,0,3.168
2026-04-03,Sales,EN,0.334,19.152,0.137,8.01,344.74,165.89,0,3.105
2026-03-14,Sales,IT,0.436,18.002,0.508,10.45,324.04,58.98,2,3.071
2026-03-06,Sales,FR,0.419,15.719,1.313,10.05,282.93,63.32,2,3.05
2026-01-10,Sales,FR,0.344,19.771,0.246,8.25,355.88,87.31,2,3.006
2026-04-09,Sales,IT,0.379,18.932,0.335,9.08,340.78,139.75,0,3.005
2026-04-14,Sales,FR,0.383,17.646,0.299,9.2,317.63,135.27,0,2.976
2026-04-09,Sales,EN,0.379,19.274,0.137,9.09,346.94,130.26,0,2.904
2026-02-14,Sales,IT,0.352,18.608,0.389,8.45,334.94,105.8,1,2.887
2026-06-12,Sales,EN,0.359,17.933,0.216,8.61,322.79,134.5,0,2.87
2026-04-10,Sales,EN,0.359,19.375,0.15,8.61,348.75,134.03,0,2.865
2026-01-10,Sales,IT,0.278,20.004,0.249,6.68,360.06,109.75,1,2.634
2026-02-14,Sales,FR,0.288,11.037,0.347,6.91,198.67,137.58,0,2.62
2026-02-06,Sales,EN,0.418,16.89,0.453,10.02,304.01,48.35,1,2.536
2026-06-13,Sales,IT,0.26,19.011,0.232,6.24,342.2,138.05,0,2.513
2026-02-14,Sales,EN,0.348,18.612,0.323,8.34,335.02,68.79,1,2.474
2026-04-11,Sales,IT,0.256,20.236,0.174,6.13,364.26,133.78,0,2.449
2026-01-10,Sales,EN,0.271,19.954,0.074,6.51,359.18,125.08,0,2.419
2026-04-11,Sales,FR,0.266,19.973,0.191,6.38,359.51,124.34,0,2.39
2026-04-11,Sales,EN,0.289,20.016,0.082,6.93,360.29,104.23,0,2.267
2026-06-13,Sales,FR,0.288,11.289,0.276,6.91,203.2,97.22,0,2.189
2026-06-13,Sales,EN,0.303,19.352,0.279,7.27,348.34,84.38,0,2.112
